id;nome;cpf;rg;endereco;complemento;bairro;cidade;cep;telefone_celular;telefone_residencial;telefone_comercial;email;observacoes
1;holistic Architect;blue Rubber;SMTP Customer Indiana;alarm Handcrafted;Saint Martin Principal;alarm Human;Bahamian Dollar;e-commerce;Checking Account;Buckinghamshire neural-net back-end;Customer;Brenna_Christiansen@yahoo.com;XSS
2;Metal Pataca;Consultant Direct index;Books navigating Senior;alarm synthesize Licensed Fresh Towels;Research Handcrafted;Persistent Multi-tiered;Norway;Italy;archive;Soap zero tolerance;back up hybrid;Jeffry.MacGyver30@gmail.com;Customer Wooden
3;Port Manager innovative;Rustic Metal Keyboard;Berkshire;Cheese copy calculate;motivating Paradigm;Investment Account Tools Principal;Oregon;array Mills Steel;Books;Cotton;Investment Account firewall Stream;Clarissa.Waters@gmail.com;Infrastructure South Carolina Refined Fresh Sausages
4;THX Small 1080p;Orchestrator;Colorado Minnesota;capacitor;maroon budgetary management;bottom-line Macao Salad;envisioneer blue;Re-engineered;United States Minor Outlying Islands;Lead Road South Georgia and the South Sandwich Islands;SSL;Bret_Breitenberg21@gmail.com;back up
5;Underpass redundant;infomediaries leading edge methodology;vertical;Cliffs;Chief Idaho Turks and Caicos Islands;India structure leverage;Consultant;JSON Identity;New Jersey transform Plastic;Configuration Coordinator groupware;Fresh indigo;Abelardo_Willms@yahoo.com;online compelling
6;Outdoors Towels;Handcrafted Shoes program;Generic;payment;Toys;payment;Money Market Account Factors;implementation paradigms;Unbranded Fresh Ball Solomon Islands;generate e-commerce;Handmade Steel Mouse Money Market Account;Mia_Doyle65@gmail.com;Investment Account
7;Home Loan Account Plains Plastic;Visionary Unbranded;Implementation North Carolina Savings Account;Toys;Facilitator Ecuador;Quality-focused;parse;Checking Account help-desk;Small Plastic Computer;Station Practical Cotton Pizza bluetooth;Operations Home Loan Account;Corene.Bartell@yahoo.com;Factors
8;hard drive Plains;Facilitator;communities Pre-emptive;Senior Peso Uruguayo Uruguay Peso en Unidades Indexadas;Developer;Savings Account AI Estonia;systems;Frozen Arkansas;revolutionize;PCI Senegal;protocol;Richmond_Grimes@yahoo.com;teal
9;sky blue Niger Developer;deposit Automated Cambridgeshire;web-readiness;Tasty;morph online;grey repurpose Inlet;Jewelery Passage;payment;invoice;Kids Israel transmitting;bypassing Human Home Loan Account;Reed_Medhurst@yahoo.com;Avon communities
10;Principal Clothing Function-based;real-time;Organized;transmitting;JSON application Ergonomic Frozen Shoes;Tennessee Maine;payment Frozen;Intelligent Dale;EXE;transmitting Course navigating;Generic Steel Keyboard Gorgeous Granite Car;Cordell_Kreiger95@yahoo.com;Consultant Buckinghamshire
