id;nome;cnpj;endereco;complemento;bairro;cidade;cep;telefone_comercial;telefone_whatsapp;email;facebook;observacoes
1;Dynamic digital;ADP;Beauty web services Avon;AGP Manager;Metical;enterprise Handmade;local neutral Nevada;Product withdrawal knowledge user;Diverse;Eleanora51@gmail.com;Sleek Fresh Chicken;Investment Account payment
2;Kids robust Shoes;hybrid;Barbados;Product user-centric;Branding Generic;wireless Macedonia Synergized;Guinea-Bissau PNG;Indiana haptic Towels;Architect;Lorenzo_Von@hotmail.com;Land platforms optimal;Communications Organized multi-byte
3;user-centric Lodge;Point Synergistic Bedfordshire;Indiana optical Buckinghamshire;Tasty Paradigm user-centric;Cheese;Bolivia Brazilian Real;Bedfordshire Facilitator wireless;Home Loan Account New Jersey;Home Garden;Marquise_Hessel@yahoo.com;ADP;SMTP Money Market Account Sleek Frozen Hat
4;withdrawal Intelligent Concrete Pizza;matrix Plastic salmon;intermediate;matrix help-desk Reverse-engineered;Handmade;Junctions;invoice lime Bacon;networks turn-key;Customer Forward;Edwina38@hotmail.com;wireless Future;Home Global
5;PNG channels;Optimization Research;payment;Square magenta;system;transmit Cambodia disintermediate;Investment Account Car;recontextualize Automotive Venezuela;Bedfordshire;Lura19@yahoo.com;Rubber Towels tangible;Plastic Ouguiya panel
6;Tennessee;Investment Account Infrastructure Interactions;virtual;JBOD Dale ivory;visionary;Greens Metal Robust;copy;Handcrafted Cotton Bike Guyana PNG;process improvement Car;Tracey.Bradtke@gmail.com;Trafficway hacking;Profit-focused Designer Bosnia and Herzegovina
7;Crossing withdrawal;hub Visionary tan;invoice THX emulation;calculating Russian Federation Savings Account;Tasty Granite Computer blue;synthesizing matrix CSS;violet architectures Self-enabling;eco-centric core;Coordinator client-server;Lenny.Gleichner6@gmail.com;EXE Investment Account Reverse-engineered;Gorgeous Granite Keyboard Architect
8;Garden input Developer;Supervisor;indigo;wireless Awesome;Intuitive Russian Ruble Robust;SDR;black reboot Frozen;Marketing Cambridgeshire;Cambridgeshire;Grayson.Sipes81@hotmail.com;red holistic Oregon;Intranet auxiliary approach
9;Uganda;navigating Concrete;synthesizing;withdrawal Credit Card Account indexing;Cotton;EXE;bypassing Frozen;Kentucky pink Virginia;synthesizing SDD indexing;Valentin11@hotmail.com;generating brand;Egyptian Pound
10;Coordinator Optimization;bypassing;Holy See (Vatican City State);generating Front-line;Unbranded Savings Account;Rustic Granite Gloves;Coordinator dynamic Sharable;1080p;circuit Fantastic Steel Keyboard Villages;Katelin1@gmail.com;Table;CFA Franc BCEAO Cheese bypassing
